PersonID,Number of reviews owned by this person,Number of reviews owned by this person that have been approved,Number of reviews commented upon by this person,Total number of comments by this person across all reviews
1000011,1,0,1,1
1000014,1,0,0,0
1000019,1,0,0,0
1000032,0,0,0,0
1000033,0,0,0,0
1000052,4,3,2,3
1000060,0,0,1,1
1000094,0,0,0,0
1000095,0,0,7,123
1000132,0,0,1,1
1000133,13,9,3,9
1000140,1,0,0,0
1000161,0,0,1,1
1000162,5,5,0,0
1000165,0,0,0,0
1000180,0,0,0,0
1000186,0,0,0,0
1000192,1,0,1,2
1000205,128,113,296,844
1000216,3,1,5,7
1000224,0,0,0,0
1000232,5,5,2,2
1000234,61,55,223,374
1000237,7,2,10,21
1000240,0,0,1,2
1000249,0,0,0,0
1000253,2,1,10,11
1000269,16,16,235,591
1000272,1,0,1,2
1000290,1,0,6,10
1000297,3,2,12,15
1000298,0,0,0,0
1000309,1,0,0,0
1000312,2,0,0,0
1000314,2,0,3,20
1000316,0,0,1,1
1000319,129,25,90,163
1000322,2,2,72,143
1000330,2,2,3,3
1000341,1,1,1,5
1000351,1,1,0,0
1000358,0,0,28,52
1000366,3,1,2,18
1000368,0,0,1,6
1000369,0,0,66,128
1000371,0,0,3,5
1000387,2,2,60,92
1000389,0,0,5,13
1000392,4,4,33,87
1000411,505,459,1546,4317
1000413,112,98,706,2050
1000414,312,301,388,900
1000418,2,0,7,9
1000428,1,1,3,5
1000436,4,2,1,3
1000443,2,1,2,6
1000444,1,0,0,0
1000445,0,0,1,2
1000451,0,0,0,0
1000464,0,0,0,0
1000469,0,0,1,1
1000471,0,0,1,2
1000479,1,0,0,0
1000483,3,3,92,225
1000492,0,0,17,37
1000495,7,5,4,4
1000504,2,0,0,0
1000507,0,0,1,2
1000512,8,3,8,19
1000529,3,0,3,4
1000547,0,0,1,2
1000558,16,2,15,23
1000559,0,0,323,629
1000569,0,0,0,0
1000576,3,2,3,11
1000577,1,0,0,0
1000582,16,10,27,36
1000600,1,0,0,0
1000624,2,1,1,3
1000628,4,0,4,16
1000635,16,14,120,416
1000648,0,0,0,0
1000649,0,0,1,1
1000653,8,2,5,15
1000660,701,605,4940,10762
1000663,2,0,0,0
1000675,1,0,0,0
1000676,16,4,15,26
1000678,10,9,88,142
1000681,0,0,0,0
1000687,0,0,9,59
1000689,0,0,1,1
1000691,4,4,2,2
1000692,4,4,2,6
1000698,1,0,0,0
1000701,63,63,144,286
1000706,13,10,12,71
1000717,0,0,7,13
1000718,0,0,126,290
1000720,1,0,0,0
1000728,3,1,3,4
1000740,8,1,31,38
1000743,1,1,1,1
1000748,43,28,56,122
1000752,13,0,4,6
1000773,0,0,26,60
1000776,4,1,3,3
1000778,0,0,3,3
1000784,0,0,2,3
1000787,81,1,52,52
1000788,0,0,1,1
1000793,4,0,6,19
1000799,3,2,3,8
1000810,0,0,1,1
1000818,4,0,2,2
1000819,0,0,0,0
1000820,2,1,0,0
1000830,222,193,385,786
1000835,8,3,16,282
1000854,1,0,5,16
1000861,2,1,2,3
1000866,306,233,393,1167
1000867,0,0,1,1
1000870,0,0,0,0
1000880,4,0,4,7
1000882,0,0,2,5
1000888,1,0,11,25
1000903,0,0,2,2
1000909,5,2,1,5
1000911,1,0,0,0
1000914,1,0,1,1
1000920,0,0,1,2
1000926,0,0,0,0
1000941,1,0,1,1
1000947,1,0,1,1
1000949,1,0,0,0
1000953,0,0,0,0
1000962,11,8,183,299
1000973,4,4,2,2
1000977,2,2,3,5
1000980,30,24,49,169
1001002,71,62,159,336
1001021,0,0,1,1
1001022,18,17,8,13
1001033,1,0,2,2
1001035,0,0,3,4
1001038,10,1,27,33
1001047,0,0,25,50
1001051,70,60,495,1017
1001056,0,0,112,266
1001064,11,4,9,30
1001091,0,0,1,2
1001100,709,667,1262,4129
1001109,1,0,1,2
1001113,0,0,1,1
1001114,0,0,1,1
1001115,3,1,4,9
1001118,198,166,476,1105
1001122,1,1,15,19
1001129,0,0,0,0
1001134,10,9,14,31
1001144,1,1,0,0
1001145,0,0,1,4
1001146,1,1,456,1173
1001158,2,0,1,3
1001163,1,0,1,1
1001174,210,164,306,609
1001184,12,9,5,23
1001185,0,0,1,51
1001191,33,7,12,22
1001202,0,0,1,4
1001211,8,8,37,73
1001220,1,1,6,8
1001223,4,0,2,2
1001240,6,6,18,31
1001248,1,1,0,0
1001252,1,1,22,172
1001264,2,0,2,4
1001273,1,1,0,0
1001276,2,0,1,18
1001285,0,0,0,0
1001286,17,12,159,243
1001295,0,0,1,6
1001302,171,26,82,159
1001330,0,0,1,11
1001332,1,1,1,2
1001377,0,0,2,2
1001380,4,3,1,1
1001383,2,0,0,0
1001394,6,2,9,16
1001401,16,7,342,1478
1001408,0,0,2,66
1001414,861,837,2058,5879
1001420,3,1,1,1
1001428,0,0,1,1
1001431,0,0,2,2
1001436,10,1,6,14
1001446,28,19,48,107
1001471,1,1,0,0
1001489,0,0,1,2
1001493,0,0,1,1
1001518,0,0,1,1
1001519,0,0,0,0
1001523,3,2,3,5
1001525,2,2,83,189
1001531,0,0,9,11
1001534,116,84,187,460
1001538,1,1,1,2
1001545,0,0,4,38
1001563,5,1,5,10
1001568,0,0,0,0
1001572,0,0,1,2
1001578,0,0,23,37
1001583,3,1,3,7
1001586,0,0,4,4
1001589,4,1,10,15
1001595,5,1,5,7
1001596,14,0,12,18
1001597,47,0,35,44
1001602,1,1,0,0
1001613,2,0,3,4
1001615,1,0,1,1
1001617,2,0,1,1
1001622,0,0,2,5
1001635,1,1,1,2
1001645,0,0,0,0
1001648,2,0,1,1
1001650,1,0,0,0
1001654,1,1,1,1
1001675,1,0,0,0
1001685,11,6,8,10
1001692,4,4,6,25
1001698,11,4,8,13
1001700,1,1,0,0
1001703,16,7,14,41
1001704,1,0,0,0
1001707,14,6,14,70
1001708,0,0,1,3
1001713,0,0,0,0
1001718,2,0,1,2
1001726,13,11,11,95
1001728,17,3,5,7
1001754,1,1,1,1
1001760,7,6,3,4
1001762,2,2,0,0
1001777,6,1,5,18
1001787,0,0,0,0
1001791,3,0,3,5
1001797,4,1,0,0
1001809,0,0,2,2
1001819,13,0,10,10
1001830,4,0,3,4
1001833,0,0,0,0
1001836,0,0,1,3
1001839,1,0,1,1
1001843,17,5,18,29
1001850,0,0,1,2
1001861,31,13,60,95
1001863,0,0,3,4
1001864,1,0,0,0
1001867,7,2,4,5
1001868,0,0,28,29
1001872,76,25,35,80
1001891,206,174,313,895
1001893,24,18,21,59
1001895,0,0,28,29
1001898,0,0,29,30
1001899,0,0,0,0
1001900,0,0,0,0
1001901,0,0,1,1
1001902,14,10,76,115
1001906,16,2,9,13
1001918,2,1,2,5
1001923,20,15,27,58
1001934,10,0,10,17
1001937,0,0,0,0
1001940,6,2,1,1
1001942,2,2,4,5
1001948,2,2,1,2
1001952,0,0,1,1
1001956,5,5,2,11
1001964,3,2,0,0
1001976,2,0,2,2
1001977,2,1,2,7
1001978,0,0,2,3
1001981,60,0,12,12
1001983,3,1,2,3
1001984,0,0,0,0
1001986,0,0,66,131
1001989,0,0,0,0
1001991,0,0,0,0
1001998,2,0,0,0
1002001,0,0,1,1
1002010,1,1,1,2
1002012,6,0,5,5
1002013,1,0,0,0
1002015,0,0,0,0
1002017,37,22,36,71
1002020,14,5,1,1
1002032,13,3,18,146
1002034,1,0,1,1
1002035,5,1,1,4
1002044,0,0,0,0
1002057,0,0,1,7
1002058,10,8,10,36
1002059,0,0,1,2
1002063,24,2,9,15
1002068,173,100,140,392
1002074,0,0,18,26
1002077,16,1,3,10
1002085,1,0,2,5
1002088,2,0,3,13
1002093,48,1,28,32
1002106,0,0,0,0
1002107,9,3,8,11
1002109,0,0,1,1
1002112,2,0,1,1
1002121,1,0,7,25
1002126,3,1,1,1
1002130,5,0,5,14
1002131,3,0,7,7
1002134,0,0,0,0
1002136,0,0,6,6
1002139,0,0,3,3
1002141,0,0,0,0
1002143,0,0,1,3
1002144,0,0,3,4
1002151,8,6,5,8
1002152,0,0,1,1
1002162,0,0,0,0
1002165,0,0,1,1
1002169,0,0,0,0
1002171,17,2,14,21
1002172,1,0,1,2
1002175,2,1,1,3
1002181,3,1,1,2
1002184,1,0,1,1
1002187,0,0,4,9
1002188,9,9,0,0
1002211,12,1,12,14
1002214,12,4,11,18
1002215,0,0,0,0
1002227,1,0,1,1
1002235,0,0,0,0
1002245,1,1,1,1
1002255,0,0,1,1
1002260,1,0,1,1
1002263,3,1,2,5
1002268,2,2,38,82
1002274,0,0,2,3
1002275,3,0,0,0
1002289,0,0,7,7
1002295,1,0,1,1
1002301,0,0,2,2
1002303,0,0,1,2
1002312,0,0,1,1
1002320,3,1,1,1
1002327,1,1,0,0
1002328,1,1,0,0
1002331,1,0,1,1
1002335,0,0,1,3
1002348,0,0,34,71
1002350,16,5,11,20
1002354,0,0,1,1
1002359,4,4,4,11
1002361,0,0,2,3
1002362,1,0,1,4
1002365,1,0,2,10
1002366,0,0,0,0
1002367,1,0,0,0
1002370,18,1,9,11
1002372,17,7,13,43
1002386,0,0,0,0
1002391,0,0,0,0
1002398,0,0,0,0
1002403,5,3,3,4
1002408,22,5,41,66
1002411,1,0,17,33
1002412,0,0,10,12
1002413,0,0,30,76
1002415,0,0,1,1
1002416,0,0,14,28
1002417,0,0,3,6
1002429,0,0,0,0
1002436,0,0,0,0
1002446,0,0,0,0
1002451,0,0,10,13
1002452,0,0,0,0
1002459,2,0,0,0
1002464,1,1,1,2
1002470,0,0,9,13
1002471,73,38,51,89
1002473,0,0,6,12
1002477,2,1,2,2
1002495,0,0,1,2
1002507,1,1,0,0
1002511,0,0,0,0
1002512,3,2,2,8
1002514,0,0,0,0
1002515,1,0,1,1
1002518,1,1,0,0
1002519,402,401,1,1
1002534,2,1,3,4
1002537,0,0,4,4
1002543,2,1,2,3
1002545,0,0,1,3
1002553,0,0,0,0
1002556,1,0,1,5
1002563,26,13,20,33
1002565,3,1,2,3
1002571,0,0,0,0
1002597,0,0,19,32
1002598,1,0,29,78
1002602,4,0,0,0
1002605,0,0,1,2
1002609,5,1,117,593
1002611,0,0,1,1
1002612,29,11,20,38
1002617,3,2,1,4
1002619,2,0,11,22
1002620,0,0,27,65
1002621,67,65,245,523
1002630,21,8,13,15
1002637,2,0,1,5
1002648,1,0,1,3
1002650,0,0,1,1
1002652,0,0,0,0
1002657,204,117,179,341
1002658,6,4,7,23
1002663,3,1,0,0
1002669,1,1,0,0
1002670,54,7,66,186
1002671,0,0,1,1
1002679,7,2,7,14
1002682,0,0,3,3
1002684,5,3,3,10
1002688,1,0,0,0
1002702,5,1,13,16
1002706,1,0,1,4
1002707,0,0,0,0
1002712,3,2,3,5
1002717,0,0,0,0
1002719,8,0,2,7
1002721,1,0,0,0
1002734,1,0,0,0
1002737,7,4,5,14
1002740,0,0,1,2
1002743,0,0,5,7
1002746,2,0,2,2
1002751,608,469,1126,2994
1002752,0,0,2,8
1002758,1,0,2,4
1002766,0,0,1,1
1002768,0,0,1,2
1002774,0,0,3,5
1002781,1,0,1,2
1002792,1,0,3,4
1002800,0,0,1,2
1002806,1,1,0,0
1002811,12,0,10,42
1002818,0,0,3,3
1002820,25,13,26,276
1002827,1,0,1,5
1002832,1,0,1,2
1002842,3,0,0,0
1002844,0,0,0,0
1002866,0,0,1,1
1002897,1,0,1,5
1002904,0,0,3,3
1002906,1,1,1,32
1002915,57,27,41,156
1002930,19,0,17,24
1002937,0,0,5,5
1002951,644,318,520,1380
1002952,3,0,3,14
1002956,1,1,3,19
1002959,1,1,1,3
1002972,1,0,1,6
1002974,9,3,9,17
1002975,192,175,462,1692
1002987,0,0,0,0
1002999,3,0,4,17
1003001,1,0,1,1
1003004,0,0,70,173
1003007,3,3,2,7
1003010,9,2,7,23
1003014,0,0,0,0
1003016,0,0,2,2
1003022,1,0,1,1
1003031,1,0,5,6
1003037,0,0,0,0
1003038,0,0,0,0
1003046,0,0,0,0
1003078,0,0,2,2
1003080,0,0,11,37
1003084,15,6,13,29
1003087,1,0,0,0
1003092,6,2,6,15
1003094,0,0,14,22
1003105,0,0,1,7
1003126,1,1,0,0
1003136,0,0,0,0
1003139,2,2,0,0
1003142,7,4,0,0
1003145,2,0,1,3
1003152,0,0,7,33
1003158,1,1,0,0
1003176,0,0,2,3
1003177,2,1,1,1
1003181,0,0,0,0
1003182,5,5,17,35
1003185,0,0,57,99
1003188,0,0,1,1
1003194,0,0,1,2
1003199,0,0,1,1
1003202,0,0,2,7
1003203,4,0,1,1
1003205,52,52,91,181
1003206,0,0,0,0
1003209,6,3,9,23
1003210,1,0,0,0
1003213,21,4,12,33
1003219,0,0,0,0
1003224,523,506,1198,3218
1003225,0,0,0,0
1003237,33,21,24,36
1003245,16,5,26,108
1003248,0,0,0,0
1003259,5,3,32,87
1003263,4,4,85,194
1003280,0,0,0,0
1003284,68,12,61,82
1003296,120,81,127,336
1003297,0,0,1,4
1003298,10,10,10,39
1003299,2,1,3,3
1003300,3,1,0,0
1003302,0,0,13,35
1003306,0,0,1,1
1003310,42,24,21,48
1003313,3,3,0,0
1003315,2,1,2,4
1003324,0,0,11,15
1003334,7,3,6,12
1003335,2,1,6,10
1003338,3,3,5,8
1003344,1,1,80,200
1003360,316,152,457,954
1003362,0,0,0,0
1003366,0,0,4,6
1003367,1,1,1,1
1003384,2,1,1,3
1003385,0,0,2,4
1003390,1,1,1,2
1003391,2,2,2,6
1003395,2,0,1,1
1003402,0,0,0,0
1003403,3,0,12,19
1003411,4,2,2,4
1003412,0,0,0,0
1003413,57,41,73,341
1003425,0,0,10,16
1003440,1,0,0,0
1003442,0,0,0,0
1003450,0,0,6,17
1003462,0,0,3,3
1003463,1,0,0,0
1003467,1,0,0,0
1003473,0,0,15,73
1003476,2,2,0,0
1003478,8,0,3,7
1003480,2,0,1,1
1003489,7,0,1,2
1003491,3,0,2,2
1003495,2,1,0,0
1003498,12,11,42,83
1003499,0,0,1,1
1003504,1,0,0,0
1003524,4,1,3,6
1003530,1,1,8,13
1003533,1,0,1,3
1003535,1,0,2,3
1003543,0,0,0,0
1003544,7,6,67,146
1003547,3,0,1,1
1003549,2,1,1,1
1003550,1,1,0,0
1003551,1,1,0,0
1003557,9,0,9,24
1003565,0,0,2,2
1003566,371,333,625,1634
1003567,3,0,2,2
1003570,0,0,2,2
1003575,3,0,4,10
1003589,1,0,1,3
1003604,1,0,1,1
1003611,3,2,11,27
1003612,8,2,7,25
1003618,1,1,79,160
1003630,6,4,4,7
1003637,8,4,10,20
1003649,0,0,1,2
1003650,0,0,0,0
1003652,1,1,1,2
1003663,2,2,1,6
1003665,0,0,3,10
1003673,0,0,5,13
1003701,8,0,0,0
1003707,9,4,8,19
1003708,0,0,1,1
1003711,7,1,6,9
1003716,0,0,3,15
1003723,96,90,671,1514
1003724,1,1,0,0
1003726,0,0,1,1
1003727,0,0,1,1
1003729,41,0,19,19
1003732,8,0,4,7
1003738,2,0,3,10
1003744,71,41,51,113
1003747,1,1,0,0
1003757,1,1,0,0
1003762,0,0,0,0
1003763,81,72,238,465
1003769,0,0,0,0
1003771,0,0,15,36
1003774,0,0,1,1
1003776,0,0,0,0
1003780,7,0,7,9
1003782,0,0,2,3
1003786,2,0,2,2
1003793,4,2,9,17
1003798,0,0,6,9
1003801,0,0,7,16
1003802,0,0,1,1
1003806,0,0,6,12
1003815,1,1,1,1
1003819,2,1,4,8
1003821,0,0,2,2
1003824,0,0,6,48
1003832,6,1,6,19
1003851,0,0,1,1
1003856,103,69,73,192
1003861,0,0,1,1
1003871,0,0,3,11
1003875,0,0,1,1
1003902,72,40,71,399
1003917,4,0,0,0
1003922,0,0,0,0
1003929,0,0,4,8
1003933,1,0,0,0
1003943,0,0,1,1
1003944,0,0,1,1
1003950,1,1,0,0
1003951,4,2,2,2
1003956,14,2,7,54
1003957,19,9,175,463
1003960,3,0,3,10
1003964,0,0,4,16
1003966,92,81,250,779
1003971,1,0,0,0
1003973,9,1,8,37
1003977,116,105,137,401
1003980,4,0,2,3
1003981,50,43,326,615
1003984,0,0,0,0
1003988,7,4,5,28
1004017,0,0,37,108
1004019,0,0,12,20
1004022,1,0,1,3
1004027,3,1,2,5
1004028,1,1,1,2
1004029,9,2,9,19
1004031,0,0,2,15
1004035,7,0,8,74
1004038,0,0,1,4
1004043,0,0,1,5
1004062,0,0,0,0
1004077,0,0,2,3
1004080,2,0,0,0
1004084,2,2,0,0
1004088,0,0,0,0
1004092,5,5,0,0
1004098,1,1,0,0
1004120,15,0,14,81
1004121,21,19,20,183
1004123,12,5,16,30
1004125,0,0,1,2
1004136,0,0,0,0
1004138,1,0,4,13
1004142,5,0,5,12
1004144,1,1,1,20
1004148,0,0,1,1
1004151,11,0,11,12
1004166,1,0,5,5
1004169,2,0,1,1
1004172,1,0,0,0
1004175,0,0,1,1
1004179,11,4,8,12
1004184,2,0,1,1
1004189,1,0,1,3
1004190,0,0,1,1
1004191,0,0,1,3
1004192,3,3,5,17
1004208,16,14,18,129
1004211,0,0,1,1
1004213,0,0,0,0
1004214,0,0,3,17
1004215,0,0,0,0
1004227,0,0,3,7
1004230,12,6,13,18
1004239,11,3,9,19
1004245,40,24,43,338
1004252,0,0,1,1
1004254,59,24,30,104
1004258,6,2,6,16
1004261,1,0,1,1
1004262,3,0,3,3
1004266,6,2,3,10
1004274,1,0,1,1
1004277,496,108,584,1217
1004285,17,14,34,61
1004288,3,0,1,1
1004291,11,7,9,87
1004295,0,0,0,0
1004300,49,8,32,233
1004304,2,0,2,5
1004305,4,3,17,86
1004311,6,0,7,9
1004316,2,0,2,4
1004318,0,0,1,1
1004319,1,0,1,4
1004322,1,0,1,1
1004327,2,1,2,4
1004328,1,0,1,3
1004330,0,0,0,0
1004331,0,0,2,2
1004335,0,0,3,4
1004336,0,0,1,2
1004338,0,0,18,75
1004339,6,0,6,9
1004340,0,0,1,10
1004343,0,0,4,4
1004349,1,0,1,1
1004355,0,0,1,1
1004356,1,0,0,0
1004359,1,1,6,11
1004360,0,0,3,16
1004371,7,1,7,8
1004372,2,1,5,6
1004380,3,3,2,5
1004381,6,0,4,5
1004387,0,0,0,0
1004395,8,8,66,198
1004415,6,1,6,8
1004417,0,0,126,147
1004420,0,0,0,0
1004421,0,0,3,15
1004424,102,28,97,211
1004428,3,2,3,4
1004430,7,7,3,4
1004431,1,0,0,0
1004435,3,3,3,10
1004438,0,0,1,1
1004441,0,0,1,1
1004463,1,1,1,6
1004471,2,0,2,4
1004473,0,0,0,0
1004476,3,0,1,1
1004480,6,5,14,34
1004481,1,0,1,1
1004484,4,0,4,9
1004496,0,0,1,1
1004507,8,1,2,2
1004508,7,3,4,10
1004511,6,0,4,16
1004513,25,23,46,101
1004516,3,0,1,1
1004518,0,0,2,13
1004525,1,0,4,7
1004530,1,1,2,11
1004537,0,0,22,24
1004540,16,0,17,28
1004557,0,0,0,0
1004558,1,0,1,1
1004562,0,0,0,0
1004565,13,9,26,64
1004572,0,0,19,24
1004573,0,0,0,0
1004575,1,1,1,4
1004577,2,1,2,7
1004588,1,0,1,1
1004589,10,1,9,15
1004601,3,1,2,3
1004602,0,0,0,0
1004613,1,0,1,1
1004614,20,12,18,30
1004617,0,0,0,0
1004637,1,0,1,2
1004638,1,0,0,0
1004639,0,0,0,0
1004641,0,0,0,0
1004644,23,10,22,134
1004647,0,0,2,4
1004650,1,0,1,2
1004651,0,0,0,0
1004655,27,9,14,49
1004660,1,0,1,1
1004662,0,0,7,10
1004665,0,0,0,0
1004669,19,15,15,55
1004677,20,5,18,49
1004689,959,932,1638,5021
1004692,0,0,2,10
1004696,3,2,2,6
1004697,5,0,5,10
1004700,8,4,8,10
1004701,6,0,6,7
1004704,1,0,1,6
1004709,0,0,0,0
1004714,2,0,2,3
1004717,4,0,3,5
1004722,0,0,1,1
1004727,0,0,0,0
1004731,0,0,3,5
1004735,0,0,1,1
1004746,0,0,2,3
1004749,4,0,1,2
1004762,0,0,4,44
1004767,0,0,3,4
1004778,7,1,3,3
1004779,4,0,1,2
1004783,0,0,11,49
1004787,1,0,0,0
1004799,0,0,1,1
1004805,0,0,2,2
1004816,88,24,96,348
1004818,0,0,1,1
1004819,3,0,2,5
1004820,0,0,0,0
1004822,3,2,6,11
1004837,0,0,0,0
1004855,1,0,0,0
1004857,15,11,15,99
1004861,1,0,1,3
1004876,0,0,4,4
1004879,0,0,2,4
1004882,0,0,0,0
1004890,4,0,2,2
1004892,0,0,2,2
1004896,0,0,13,53
1004906,0,0,5,44
1004910,0,0,11,41
1004916,0,0,4,12
1004920,0,0,1,2
1004921,1,1,0,0
1004923,6,4,1,1
1004929,0,0,0,0
1004930,10,0,5,6
1004936,0,0,4,17
1004943,3,2,2,7
1004944,2,0,4,4
1004953,0,0,0,0
1004957,9,5,39,73
1004964,1,0,0,0
1004970,1,1,0,0
1004975,0,0,1,8
1004984,1,1,1,3
1004987,1,0,1,26
1004988,0,0,0,0
1005001,0,0,1,1
1005006,0,0,1,1
1005017,5,2,2,3
1005024,0,0,3,4
1005026,1,0,0,0
1005028,0,0,0,0
1005030,0,0,0,0
1005034,2,1,1,1
1005044,0,0,3,8
1005046,1,0,1,1
1005047,1,0,0,0
1005051,0,0,3,6
1005059,0,0,1,1
1005079,0,0,1,50
1005082,9,0,8,15
1005083,1,1,1,1
1005085,1,0,1,5
1005086,0,0,1,1
1005087,0,0,8,22
1005088,0,0,3,13
1005089,1,0,0,0
1005093,1,0,1,1
1005095,2,1,1,1
1005103,2,1,2,8
1005105,6,2,9,19
1005106,1,1,0,0
1005107,1,0,0,0
1005110,1,1,0,0
1005112,0,0,30,32
1005116,0,0,0,0
1005119,1,0,1,1
1005120,0,0,0,0
1005122,2,0,2,2
1005124,2,0,2,6
1005126,1,0,0,0
1005127,33,1,20,37
1005135,37,1,23,31
1005138,1,1,1,2
1005141,2,0,1,1
1005142,0,0,1,1
1005146,14,1,11,58
1005148,4,3,5,18
1005149,0,0,0,0
1005152,1,0,1,15
1005153,0,0,0,0
1005156,7,0,8,19
1005158,8,2,1,1
1005159,1,0,1,3
1005166,1,1,0,0
1005180,1,0,1,1
1005201,0,0,3,3
1005205,5,3,51,90
1005211,0,0,1,1
1005213,0,0,0,0
1005222,2,1,1,2
1005233,1,0,1,13
1005243,60,29,67,208
1005253,10,7,15,105
1005255,11,6,36,118
1005262,0,0,1,1
1005265,1,0,1,2
1005279,1,1,0,0
1005291,2,0,0,0
1005295,1,0,1,2
1005304,17,4,14,31
1005305,1,0,2,2
1005309,3,3,2,7
1005310,3,2,2,5
1005312,3,0,0,0
1005314,29,15,153,225
1005317,7,1,6,15
1005324,67,26,66,253
1005326,0,0,0,0
1005332,3,1,3,7
1005337,3,2,1,3
1005346,0,0,17,42
1005347,0,0,2,2
1005349,0,0,0,0
1005355,4,4,6,10
1005370,1,0,1,1
1005376,1,0,1,3
1005379,0,0,2,4
1005382,3,2,0,0
1005383,0,0,2,3
1005384,1,0,1,3
1005388,9,3,3,7
1005391,2,0,1,2
1005394,1,1,5,8
1005395,0,0,2,3
1005401,1,0,1,4
1005405,33,2,24,46
1005406,11,0,11,46
1005412,8,4,8,103
1005432,1,0,1,2
1005440,1,0,1,1
1005445,1,0,0,0
1005450,0,0,3,6
1005459,0,0,6,6
1005461,2,1,2,14
1005471,46,23,23,42
1005472,2,0,2,3
1005473,0,0,9,9
1005474,1,0,2,3
1005480,42,30,99,463
1005485,0,0,1,6
1005489,0,0,0,0
1005497,2,0,0,0
1005508,0,0,1,3
1005509,7,0,7,7
1005512,0,0,4,12
1005515,6,0,4,11
1005525,0,0,0,0
1005527,1,1,0,0
1005531,0,0,0,0
1005533,3,1,3,4
1005543,1,0,2,3
1005545,3,0,3,7
1005548,1,0,1,1
1005551,0,0,0,0
1005552,0,0,0,0
1005561,0,0,1,1
1005562,39,10,46,68
1005563,0,0,0,0
1005567,0,0,1,2
1005570,0,0,2,2
1005571,22,11,29,113
1005576,0,0,3,6
1005581,1,0,1,1
1005583,2,0,3,4
1005585,0,0,0,0
1005589,2,0,3,17
1005596,0,0,7,11
1005598,1,1,1,1
1005602,7,1,7,23
1005613,4,0,4,17
1005614,0,0,7,34
1005616,0,0,3,42
1005622,1,0,0,0
1005631,0,0,2,5
1005632,0,0,1,1
1005633,0,0,1,2
1005634,0,0,1,1
1005635,0,0,1,1
1005639,1,1,5,6
1005648,4,1,4,10
1005655,124,99,72,244
1005657,0,0,0,0
1005662,1,0,0,0
1005665,28,21,40,118
1005668,0,0,5,9
1005670,39,31,16,61
1005671,0,0,1,2
1005672,0,0,1,1
1005675,2,1,4,4
1005678,0,0,0,0
1005685,1,1,0,0
1005718,1,0,0,0
1005726,1,0,1,1
1005728,0,0,0,0
1005729,4,4,5,44
1005730,0,0,1,1
1005731,4,4,2,7
1005733,1,0,0,0
1005741,4,1,4,62
1005744,0,0,1,1
1005746,0,0,1,1
1005760,119,45,78,125
1005762,0,0,0,0
1005765,2,0,2,2
1005768,0,0,4,31
1005769,2,1,0,0
1005771,1,0,0,0
1005783,0,0,1,1
1005790,0,0,0,0
1005794,0,0,1,3
1005827,0,0,2,2
1005832,3,0,0,0
1005833,0,0,2,2
1005834,1,0,3,3
1005839,2,0,0,0
1005840,4,1,10,20
1005846,4,0,1,1
1005873,0,0,1,2
1005875,3,0,3,4
1005877,0,0,0,0
1005883,1,0,0,0
1005886,3,0,0,0
1005891,0,0,1,1
1005893,1,0,1,1
1005903,1,0,0,0
1005916,2,0,0,0
1005920,0,0,0,0
1005955,3,0,1,1
1005961,2,0,0,0
1005962,2,1,1,1
1005967,1,1,4,5
1005969,2,0,2,3
1005972,1,1,0,0
1005974,0,0,1,2
1005979,1,0,0,0
1005982,0,0,1,6
1005987,0,0,1,3
1005991,0,0,1,2
1005995,6,1,1,2
1006016,0,0,2,7
1006023,1,0,2,3
1006024,0,0,1,12
1006031,1,0,0,0
1006036,0,0,4,18
1006045,1,0,1,1
1006046,2,1,0,0
1006049,1,0,0,0
1006054,1,0,1,2
1006056,1,0,1,1
1006064,0,0,2,2
1006066,0,0,3,3
1006067,0,0,1,4
1006075,0,0,2,6
1006085,0,0,2,4
1006086,0,0,1,13
1006087,0,0,2,6
1006106,2,2,2,2
1006114,1,0,1,1
1006116,0,0,1,2
1006126,0,0,1,1
1006131,16,13,18,54
1006138,2,0,2,2
1006145,4,1,6,39
1006146,0,0,4,4
1006151,0,0,0,0
1006164,0,0,0,0
1006165,2,1,1,2
1006166,6,2,68,117
1006168,9,6,5,24
1006170,0,0,3,26
1006171,0,0,1,1
1006175,0,0,1,8
1006177,2,0,2,4
1006181,0,0,1,6
1006182,3,2,1,2
1006183,2,0,0,0
1006191,4,0,0,0
1006194,1,1,1,1
1006195,6,1,5,5
1006205,3,0,0,0
1006206,0,0,1,1
1006215,2,1,1,1
1006220,1,1,0,0
1006223,2,0,3,5
1006226,0,0,2,2
1006230,0,0,1,1
1006231,0,0,1,1
1006232,1,0,1,3
1006241,0,0,2,2
1006249,8,2,6,10
1006257,36,28,595,817
1006265,2,0,1,1
1006267,3,3,1,1
1006270,8,0,7,7
1006271,0,0,1,1
1006275,0,0,1,7
1006279,5,5,3,9
1006280,3,2,1,4
1006288,1,0,1,2
1006294,1,0,1,1
1006297,1,0,0,0
1006299,0,0,1,2
1006308,5,1,4,19
1006309,3,0,0,0
1006313,5,0,2,2
1006324,1,0,0,0
1006332,0,0,5,12
1006337,1,1,0,0
1006341,1,0,0,0
1006347,1,0,0,0
1006353,1,0,0,0
1006364,2,0,4,4
1006369,3,0,3,3
1006371,2,0,2,2
1006374,1,0,0,0
1006388,1,0,1,1
1006404,19,10,17,45
1006419,0,0,0,0
1006427,0,0,1,1
1006431,0,0,5,5
1006433,0,0,1881,2207
1006435,1,0,1,4
1006436,0,0,0,0
1006444,14,2,14,120
1006447,6,2,10,69
1006451,0,0,1,1
1006466,0,0,3,3
1006468,5,2,4,7
1006469,0,0,4,6
1006470,1,0,0,0
1006474,3,1,3,6
1006477,7,6,7,8
1006479,4,1,3,5
1006481,6,3,6,17
1006485,0,0,1,1
1006490,0,0,9,9
1006491,0,0,0,0
1006497,67,52,73,338
1006498,1,0,1,2
1006501,5,2,4,5
1006505,1,1,0,0
1006507,1,0,1,1
1006509,0,0,1,1
1006516,0,0,0,0
1006523,4,0,5,5
1006529,1,0,1,1
1006530,1,0,1,1
1006536,0,0,1,1
1006538,0,0,0,0
1006550,0,0,1,1
1006553,0,0,8,8
1006554,0,0,2,2
1006561,17,6,12,38
1006567,7,2,5,5
1006576,25,3,15,29
1006578,2,1,2,2
1006580,2,0,2,3
1006581,0,0,7,8
1006586,6,0,0,0
1006592,0,0,0,0
1006603,4,1,2,17
1006604,0,0,0,0
1006607,0,0,6,11
1006620,1,0,1,6
1006636,1,1,1,2
1006641,0,0,1,1
1006642,0,0,0,0
1006652,0,0,0,0
1006668,0,0,148,472
1006676,0,0,0,0
1006687,0,0,0,0
1006692,9,9,9,32
1006698,30,6,9,18
1006700,0,0,1,1
1006707,7,4,6,23
1006718,0,0,1,1
1006720,2,0,1,16
1006727,1,0,0,0
1006732,0,0,1,1
1006734,2,0,2,10
1006739,0,0,1,1
1006741,0,0,1,1
1006742,0,0,0,0
1006744,0,0,0,0
1006748,14,0,9,10
1006758,1,0,1,1
1006767,0,0,1,2
1006769,1,0,0,0
1006773,2,1,1,2
1006779,0,0,1,2
1006780,0,0,2,10
1006781,4,2,4,14
1006794,0,0,0,0
1006795,0,0,8,8
1006804,0,0,0,0
1006816,0,0,2,2
1006820,1,1,0,0
1006822,0,0,3,3
1006823,0,0,0,0
1006828,1,0,0,0
1006837,0,0,1,5
1006838,15,5,9,14
1006840,0,0,1,5
1010049,1,1,3,5
1010050,0,0,7,17
1010054,1,0,1,1
1010055,237,227,613,1486
1010056,39,35,94,256
1010065,0,0,10,12
1010070,11,6,8,32
1010073,2,2,2,13
1010076,0,0,1,6
1010077,61,12,67,201
1010079,1,1,1,1
1010080,6,1,15,33
1010081,4,3,6,50
1010082,0,0,11,19
1010083,1,0,0,0
1010084,36,6,33,68
1010090,0,0,0,0
1010092,15,10,41,67
1010095,1,1,0,0
1010096,0,0,1,2
1010098,4,0,0,0
1010099,0,0,1,2
1010102,0,0,0,0
1010103,1,1,44,106
1010105,0,0,0,0
1010108,1,1,12,16
1010110,7,0,3,3
1010111,50,41,120,369
1010116,5,3,2,10
1010118,18,15,71,246
1010120,0,0,0,0
1010121,20,6,14,18
1010123,7,6,8,23
1010124,4,0,4,8
1010126,1,0,1,3
1010130,1,0,1,5
1010136,0,0,2,10
1010138,8,6,80,107
1010139,0,0,0,0
1010140,0,0,1,4
1010145,0,0,0,0
1010147,6,1,5,14
1010154,1,0,1,1
1010158,1,1,2,2
1010163,1,1,1,1
1010166,0,0,1,2
1010179,0,0,0,0
1010184,4,0,8,22
1010185,0,0,1,1
1010186,570,539,1043,2921
1010187,2,2,1,1
1010188,5,2,5,75
1010189,0,0,0,0
1010192,0,0,5,5
1010194,1,0,0,0
1010196,0,0,0,0
1010199,14,9,12,23
1010201,0,0,0,0
1010203,2,0,1,10
1010204,26,1,20,25
1010211,0,0,2,5
1010214,0,0,2,4
1010215,2,2,0,0
1010216,3,0,3,3
1010217,4,1,2,2
1010229,3,0,3,3
1010233,7,2,7,23
1010238,1,1,1,1
1010239,0,0,1,1
1010243,7,2,6,27
1010247,0,0,1,1
1010254,5,1,9,17
1010257,0,0,8,17
1010269,1,1,1,1
1010270,0,0,1,1
1010274,6,5,7,30
1010278,0,0,1,1
1010279,2,0,4,10
1010282,0,0,3,5
1010292,3,1,3,10
1010297,1,0,0,0
1010300,1,0,0,0
1010305,2,1,2,2
1010307,0,0,9,39
1010313,0,0,0,0
1010316,1,1,0,0
1010319,0,0,3,3
1010324,1,0,0,0
1010333,0,0,3,4
1010334,0,0,2,2
1010337,1,0,1,2
1010344,1,1,0,0
1010346,0,0,1,5
1010347,1,0,1,5
1010349,0,0,0,0
1010356,1,0,1,1
1010361,12,6,7,8
1010363,0,0,4,4
1010372,1,0,1,7
1010377,1,0,1,2
1010382,0,0,2,4
1010392,0,0,0,0
1010393,6,1,3,6
1010398,1,1,0,0
1010407,0,0,1,1
1010410,41,12,33,141
1010411,1,0,1,3
1010418,1,1,0,0
1010424,6,5,6,30
1010435,1,0,0,0
1010440,4,0,3,4
1010447,4,2,2,2
1010448,1,0,1,1
1010460,1,0,0,0
1010465,0,0,66,149
1010466,0,0,48,107
1010468,10,1,1,2
1010476,2,0,0,0
1010481,8,0,6,13
1010482,12,3,14,244
1010493,1,0,9,11
1010494,3,1,3,12
1010503,2,0,4,11
1010507,7,2,7,11
1010534,1,0,1,1
1010537,4,2,3,8
1010543,0,0,2,2
1010551,0,0,4,6
1010553,0,0,8,12
1010559,5,2,2,3
1010570,21,0,17,71
1010572,0,0,0,0
1010573,2,0,1,1
1010578,50,48,305,419
1010583,0,0,2,2
1010585,3,0,0,0
1010587,1,0,1,2
1010596,2,1,6,8
1010597,4,0,7,14
1010615,2,0,1,1
1010624,1,0,2,4
1010639,0,0,2,2
1010646,3,2,2,4
1010649,1,1,1,1
1010650,2,1,2,3
1010654,0,0,0,0
1010660,1,1,1,2
1010661,0,0,0,0
1010669,29,14,100,275
1010670,0,0,11,24
1010671,0,0,0,0
1010672,50,43,77,181
1010674,0,0,4,4
1010680,0,0,1,1
1010684,0,0,4,7
1010688,0,0,1,1
1010690,2,1,1,1
1010695,2,0,0,0
1010700,0,0,1,2
1010712,23,22,130,194
1010717,69,28,31,75
1010740,1,0,0,0
1010798,0,0,1,1
1010828,0,0,1,1
1010853,1,1,0,0
1010858,0,0,2,2
1010872,2,0,2,4
1010883,0,0,0,0
1010923,3,2,0,0
1010925,10,7,9,49
1010936,2,2,0,0
1010938,2,1,6,18
1010945,0,0,1,1
1010955,1,1,1,5
1010973,0,0,4,11
1010988,0,0,1,2
1010998,2,1,0,0
1011008,0,0,2,2
1011013,1,0,1,3
1011023,0,0,1,1
1011043,1,1,1,1
1011068,0,0,22,51
1011073,0,0,0,0
1011077,16,10,30,112
1011128,4,0,4,8
1011143,3,2,3,24
1011158,0,0,1,1
1011168,5,1,5,9
1011178,0,0,0,0
1011213,1,1,1,1
1011229,0,0,0,0
1011250,1,0,1,1
1011268,0,0,0,0
1011288,1,0,1,1
1011298,0,0,2,2
1011333,30,13,24,63
1011364,0,0,1,2
1011386,1,0,2,4
1011408,0,0,1,17
1011429,2,1,1,1
1011444,0,0,1,1
1011451,0,0,0,0
1011452,1,0,1,1
1011460,2,0,3,7
1011469,4,3,4,7
1011493,0,0,3,3
1011498,1,0,0,0
1011499,12,4,8,13
1011530,0,0,0,0
1011544,0,0,2,3
1011568,2,0,4,4
1011605,7,3,4,10
1011623,3,0,3,6
1011639,0,0,1,1
1011640,0,0,2,3
1011641,3,1,1,2
1011648,3,0,3,3
1011664,2,0,1,1
1011670,7,2,6,14
1011673,1,1,1,5
1011704,2,1,2,4
1011705,3,1,3,5
1011708,7,5,6,19
1011713,1,1,1,1
1011733,1,0,0,0
1011740,1,0,0,0
1011768,0,0,2,2
1011769,1,0,1,1
1011773,0,0,1,1
1011783,4,1,4,26
1011798,5,1,4,5
1011843,0,0,1,1
1011860,1,0,1,3
1011869,0,0,2,2
1011983,0,0,2,5
1012004,2,0,2,3
1012006,3,1,1,2
1012033,9,2,7,14
1012036,0,0,0,0
1012042,5,2,2,4
1012044,1,0,1,2
1012068,0,0,4,6
1012074,0,0,6,7
1012078,0,0,0,0
1012083,8,3,7,28
1012093,24,19,21,73
1012107,3,1,2,12
1012228,11,10,9,20
1012238,2,0,2,2
1012283,0,0,1,3
1012294,1,0,0,0
1012296,2,0,0,0
1012304,0,0,1,1
1012308,0,0,0,0
1012338,0,0,0,0
1012340,1,0,0,0
1012348,1,0,1,1
1012351,0,0,0,0
1012355,5,3,3,12
1012356,4,1,8,35
1012357,2,0,3,8
1012358,1,1,0,0
1012368,0,0,0,0
1012384,3,1,2,10
1012386,1,1,1,2
1012390,0,0,0,0
1012391,0,0,1,3
1012394,0,0,1,6
1012411,13,0,10,19
1012414,3,2,4,6
1012419,1,0,1,1
1012427,2,0,0,0
1012439,2,1,2,6
1012468,0,0,0,0
1012517,0,0,1,1
1012529,1,0,0,0
1012536,0,0,1,1
1012548,0,0,0,0
1012564,0,0,3,5
1012568,2,0,0,0
1012583,0,0,2,2
1012593,1,1,1,1
1012595,0,0,2,4
1012598,0,0,0,0
1012623,0,0,1,4
1012668,0,0,1,1
1012728,2,0,2,4
1012769,1,1,0,0
1012774,0,0,0,0
1012776,4,0,3,5
1012794,0,0,1,1
1012795,2,2,0,0
1012828,1,1,0,0
1012833,21,20,44,239
1012893,0,0,0,0
1012918,1,1,1,1
1012938,0,0,1,1
1012943,0,0,1,1
1012955,0,0,1,2
1012957,1,0,1,2
1012974,0,0,3,4
1012990,1,1,1,7
1012993,1,0,1,1
1012998,0,0,0,0
1013013,1,1,1,5
1013029,0,0,1,1
1013030,0,0,7,17
1013034,9,0,23,46
1013044,3,0,3,6
1013063,0,0,1,1
1013085,0,0,1,1
1013100,0,0,0,0
1013138,0,0,1,1
1013143,1,0,0,0
1013145,0,0,0,0
1013147,0,0,7,8
1013151,2,0,1,2
1013157,33,19,33,89
1013164,2,0,2,2
1013243,2,2,1,1
1013249,0,0,1,1
1013319,3,2,1,1
1013322,4,2,4,11
1013329,1,0,1,2
1013331,1,1,1,2
1013353,1,0,0,0
1013368,1,0,2,2
1013373,1,1,1,2
1013379,2,0,2,11
1013388,1,0,3,3
1013433,43,9,110,416
1013443,0,0,2,2
1013444,1,0,0,0
1013446,0,0,2,5
1013478,0,0,0,0
1013490,0,0,1,1
1013498,7,3,37,64
1013508,0,0,6,8
1013510,0,0,1,1
1013518,1,0,1,2
1013526,2,0,2,3
1013550,1,1,1,3
1013574,0,0,2,7
1013627,1,0,1,6
1013628,1,0,1,1
1013629,1,1,0,0
1013642,0,0,2,2
1013744,0,0,1,1
1013760,0,0,0,0
1013762,3,0,1,3
1013768,1,1,1,21
1013781,0,0,1,1
1013785,9,1,9,36
1013790,1,0,0,0
1013793,2,0,1,1
1013810,0,0,5,12
1013823,2,2,4,32
1013835,0,0,0,0
1013846,0,0,1,1
1013849,0,0,0,0
1013850,0,0,1,2
1013855,0,0,2,5
1013856,1,1,0,0
1013875,1,0,1,3
1013887,0,0,39,150
1013891,0,0,1,1
1013892,1,0,0,0
1013917,0,0,2,2
1013924,1,0,0,0
1013948,1,1,0,0
1013953,0,0,1,14
1013954,0,0,0,0
1013964,3,3,0,0
1013965,2,1,0,0
1013969,3,0,3,8
1013978,0,0,5,6
1013985,1,0,0,0
1013986,2,2,10,60
1013987,9,8,7,9
1013991,1,1,0,0
1014008,3,2,3,7
1014016,0,0,0,0
1014018,2,2,2,2
1014044,5,0,0,0
1014058,1,0,0,0
1014088,0,0,47,126
1014129,0,0,1,1
1014144,0,0,0,0
1014153,1,1,5,9
1014183,2,2,2,2
1014189,0,0,1,1
1014194,1,0,1,1
1014203,0,0,3,5
1014204,0,0,1,2
1014213,2,1,3,16
1014243,3,0,4,35
1014249,51,0,32,60
1014250,1,1,0,0
1014258,1,1,1,1
1014269,2,0,0,0
1014278,1,0,2,4
1014283,3,1,1,3
1014288,0,0,0,0
1014295,0,0,1,1
1014328,1,0,2,2
1014333,0,0,0,0
1014339,1,0,1,2
1014360,2,1,5,9
1014369,0,0,1,3
1014443,6,5,15,47
1014453,1,1,1,3
1014491,3,3,5,8
1014499,7,0,6,15
1014506,0,0,1,1
1014522,0,0,1,1
1014545,0,0,0,0
1014549,0,0,0,0
1014552,9,6,7,44
1014554,34,19,34,105
1014559,457,31,140,198
1014573,0,0,1,3
1014581,0,0,1,1
1014594,0,0,0,0
1014601,2,0,0,0
1014603,114,26,30,45
1014627,1,0,1,6
1014629,9,9,46,138
1014643,2,2,1,1
1014687,0,0,0,0
1014705,14,13,11,27
1014709,0,0,1,1
1014740,2,2,2,17
1014759,0,0,0,0
1014784,15,15,27,67
1014788,0,0,1,1
1014803,1,0,1,1
1014807,84,79,31,59
1014814,0,0,1,1
1014858,1,0,1,1
1014910,1,0,1,3
1014961,0,0,5,7
1014964,0,0,6,15
1014994,0,0,1,2
1015039,0,0,3,6
1015053,0,0,1,1
1015063,4,3,5,17
1015070,1,0,3,5
1015073,2,0,1,1
1015078,0,0,4,5
1015089,0,0,0,0
1015103,4,2,2,3
1015109,16,7,16,29
1015115,1,0,1,3
1015143,18,18,6,15
1015144,0,0,0,0
1015145,1,1,0,0
1015150,0,0,0,0
1015159,0,0,1,1
1015183,0,0,2,3
1015193,1,1,0,0
1015194,1,1,3,8
1015216,1,0,0,0
1015229,0,0,0,0
1015230,0,0,1,1
1015239,1,0,1,1
1015243,3,0,3,6
1015244,0,0,0,0
1015280,0,0,2,5
1015319,0,0,1,2
1015328,0,0,2,7
1015334,0,0,0,0
1015339,0,0,0,0
1015340,0,0,3,3
1015343,0,0,4,5
1015345,0,0,2,4
1015352,1,0,1,2
1015355,0,0,1,5
1015356,0,0,1,1
1015362,0,0,8,12
1015369,0,0,0,0
1015372,0,0,2,2
1015378,1,1,1,1
1015379,0,0,2,3
1015380,0,0,6,6
1015381,0,0,3,9
1015384,0,0,0,0
1015388,0,0,2,3
1015392,0,0,6,8
1015393,0,0,1,1
1015397,0,0,1,1
1015399,0,0,1,1
1015402,0,0,2,3
1015405,0,0,1,1
1015406,0,0,0,0
1015415,0,0,0,0
1015419,0,0,1,2
1015420,0,0,0,0
1015421,3,3,2,5
1015425,0,0,8,14
1015428,0,0,0,0
1015430,3,0,3,3
1015437,0,0,2,2
1015448,0,0,1,2
1015475,0,0,1,5
1015478,0,0,3,3
1015485,0,0,1,1
1015486,1,0,0,0
1015494,0,0,2,2
1015509,0,0,0,0
1015528,4,1,4,9
1015536,1,0,1,6
1015542,0,0,0,0
1015564,1,0,0,0
1015599,1,0,2,3
1015602,1,0,5,13
1015611,0,0,1,1
1015614,0,0,1,2
1015615,0,0,1,1
1015624,0,0,2,8
1015625,4,4,7,11
1015632,1,1,0,0
1015654,1,0,0,0
1015659,3,2,4,8
1015664,0,0,1,2
1015666,1,0,0,0
1015669,0,0,1,1
1015670,1,1,0,0
1015675,2,0,0,0
1015680,0,0,3,7
1015688,0,0,0,0
1015692,0,0,2,2
1015768,0,0,1,1
1015804,0,0,1,1
1015885,1,0,1,2
1015918,6,0,0,0
1015920,0,0,1,3
1015929,0,0,0,0
1015942,1,0,1,2
1015978,1,0,2,2
1015994,3,0,2,4
1016029,0,0,1,1
1016048,1,0,0,0
1016084,4,0,2,4
1016088,1,0,2,4
1016103,11,11,4,7
1016113,1,1,1,1
1016130,1,0,0,0
1016143,4,0,2,3
1016166,0,0,0,0
1016179,0,0,2,2
1016184,1,0,0,0
1016189,0,0,1,1
1016233,0,0,1,1
1016238,3,0,1,7
1016373,1,0,0,0
1016398,1,0,1,2
1016421,14,3,20,28
1016422,13,1,17,22
1016474,0,0,0,0
1016503,1,0,13,24
1016518,2,0,0,0
1016535,6,2,6,17
1016653,1,1,1,1
1016658,0,0,5,5
1016688,1,0,0,0
1016689,1,0,1,1
1016713,1,1,1,2
1016719,1,1,0,0
1016728,0,0,1,1
1016758,0,0,1,1
1016759,1,0,0,0
1016765,1,1,1,1
1016769,1,0,0,0
1016818,9,2,11,24
1016843,0,0,5,9
1016878,0,0,1,2
1016899,0,0,2,6
1016913,6,2,4,8
1016929,1,0,1,2
1016943,2,1,2,3
1016953,34,10,32,105
1016978,1,1,1,2
1017028,12,3,9,31
1017038,2,0,2,13
1017041,2,2,2,4
1017042,0,0,1,15
1017054,1,0,0,0
1017056,5,2,3,6
1017078,0,0,1,2
1017088,1,0,0,0
1017094,1,0,1,1
1017110,0,0,1,1
1017116,1,0,0,0
1017123,1,0,2,3
1017124,0,0,1,2
1017130,0,0,2,2
1017147,6,2,5,10
1017153,0,0,1,1
1017158,1,0,0,0
1017162,0,0,1,1
1017178,0,0,3,10
1017183,0,0,1,1
1017188,2,0,0,0
1017201,1,0,0,0
1017203,0,0,0,0
1017207,1,0,1,1
1017214,0,0,1,1
1017245,0,0,4,10
1017254,0,0,1,1
1017283,1,0,0,0
1017303,1,0,0,0
1017309,0,0,0,0
1017310,3,0,3,4
1017344,2,1,2,2
1017368,3,1,6,15
1017369,1,1,0,0
1017373,1,0,1,1
1017378,0,0,0,0
1017383,1,0,0,0
1017385,1,0,0,0
1017412,2,0,0,0
1017413,0,0,1,1
1017428,0,0,0,0
1017430,0,0,3,3
1017434,1,0,0,0
1017440,7,6,7,8
1017452,1,0,1,2
1017493,2,0,2,4
1017496,1,1,0,0
1017515,0,0,1,10
1017528,1,1,1,3
1017552,1,1,1,6
1017618,1,1,2,2
1017625,0,0,0,0
1017629,0,0,0,0
1017638,0,0,2,8
1017643,1,1,1,1
1017663,2,0,2,4
1017685,3,0,5,8
1017688,1,1,1,1
1017693,0,0,6,6
1017733,0,0,0,0
1017738,0,0,4,4
1017749,1,1,1,2
1017758,1,0,1,2
1017778,0,0,0,0
1017805,9,4,7,15
1017808,0,0,0,0
1017830,6,0,4,43
1017834,0,0,2,2
1017853,1,0,1,7
1017859,0,0,1,2
1017888,0,0,2,2
1017889,4,0,4,7
1017893,0,0,2,24
1017898,0,0,1,1
1017926,1,1,1,4
1017933,2,2,2,11
1017944,5,5,29,74
1017978,5,0,5,18
1017979,1,0,1,7
1018003,1,0,1,1
1018017,0,0,3,4
1018018,0,0,1,2
1018026,0,0,3,6
1018042,0,0,0,0
1018047,3,0,2,2
1018061,0,0,0,0
1018065,8,0,2,5
1018069,9,0,5,6
1018072,0,0,2,4
1018085,3,0,1,1
1018087,1,0,2,9
1018090,1,1,1,3
1018102,4,0,3,6
1018103,1,0,0,0
1018108,2,2,2,17
1018109,0,0,0,0
1018113,1,0,0,0
1018124,1,0,0,0
1018129,0,0,0,0
1018139,1,0,0,0
1018143,4,0,1,1
1018148,1,1,0,0
1018229,0,0,1,5
1018272,0,0,2,2
1018290,14,10,6,22
1018303,1,0,0,0
1018310,0,0,1,5
1018343,2,0,2,9
1018363,0,0,0,0
1018370,0,0,1,1
1018371,2,0,2,3
1018419,1,0,1,1
1018443,1,1,1,3
1018508,0,0,1,3
1018513,0,0,2,11
1018606,1,0,0,0
1018607,1,0,1,37
1018623,8,0,1,1
1018634,2,1,2,5
1018651,2,2,2,3
1018653,0,0,1,9
1018654,2,0,0,0
1018672,0,0,1,1
1018673,0,0,1,1
1018674,0,0,1,3
1018677,0,0,2,5
1018753,1,0,0,0
1018754,2,1,3,32
1018773,3,3,5,34
1018775,1,1,1,3
1018791,0,0,1,1
1018792,2,1,1,3
1018818,0,0,0,0
1018853,1,0,1,4
1018870,1,0,1,1
1018875,3,0,2,2
1018879,0,0,1,2
1018893,2,1,3,11
1018954,0,0,0,0
1018968,1,1,1,2
1018984,2,0,2,8
1018996,0,0,1,1
1019003,1,1,5,11
1019010,0,0,2,2
1019013,5,0,6,10
1019028,0,0,0,0
1019036,0,0,6,9
1019048,0,0,1,1
1019050,1,0,1,4
1019056,0,0,1,1
1019066,1,0,1,13
1019071,1,0,0,0
1019078,1,1,0,0
1019079,1,0,1,1
1019083,0,0,0,0
1019174,0,0,1,4
1019229,2,0,1,2
1019263,1,0,0,0
1019265,0,0,0,0
1019280,4,0,4,5
1019370,2,0,2,6
1019380,0,0,1,1
1019405,3,2,2,4
1019415,1,0,1,1
1019424,0,0,2,7
1019428,0,0,0,0
1019438,2,2,1,3
1019494,0,0,0,0
1019523,1,0,1,9
1019536,2,1,1,1
1019545,0,0,1,1
1019634,0,0,0,0
